pdbid,bseq1,bseq2,bidx1,bidx2
1ais,AACTTACTTTuuAAAGC,TTGAATGAAAAATTTCG,1401|1402|1403|1404|1405|1406|1407|1408|1409|1410|1411|1412|1413|1414|1415|1416|1417,1434|1433|1432|1431|1430|1429|1428|1427|1426|1425|1424|1423|1422|1421|1420|1419|1418
1an2,GTGTAGGTCACGTGACCTACAC,CACATCCAGTGCACTGGATGTG,1|2|3|4|5|6|7|8|9|10|11|12|13|14|15|16|17|18|19|20|21|22,22|21|20|19|18|17|16|15|14|13|12|11|10|9|8|7|6|5|4|3|2|1
1c9b,GGCGCCTATAAAAGGGG,CCGCGGATATTTTCCCC,2|3|4|5|6|7|8|9|10|11|12|13|14|15|16|17|18,118|117|116|115|114|113|112|111|110|109|108|107|106|105|104|103|102
1cdw,CTGCTATAAAAGGCTG,GACGATATTTTCCGAC,1|2|3|4|5|6|7|8|9|10|11|12|13|14|15|16,116|115|114|113|112|111|110|109|108|107|106|105|104|103|102|101
1d3u,AGAGTAAAGTTTAAATACTTATA,TCTCATTTCAAATTTATGAATAT,1401|1402|1403|1404|1405|1406|1407|1408|1409|1410|1411|1412|1413|1414|1415|1416|1417|1418|1419|1420|1421|1422|1423,1448|1447|1446|1445|1444|1443|1442|1441|1440|1439|1438|1437|1436|1435|1434|1433|1432|1431|1430|1429|1428|1427|1426
1dh3,CTTGGCTGACGTCAGCCAAG,GAACCGACTGCAGTCGGTTC,-10|-9|-8|-7|-6|-5|-4|-3|-2|-1|1|2|3|4|5|6|7|8|9|10,10|9|8|7|6|5|4|3|2|1|-1|-2|-3|-4|-5|-6|-7|-8|-9|-10
1dux,TGACCGGAAGTGT,ACTGGCCTTCACA,1|2|3|4|5|6|7|8|9|10|11|12|13,13|12|11|10|9|8|7|6|5|4|3|2|1
1fos,ATGGATGAGTCATAGGAGA,TACCTACTCAGTATCCTCT,2|3|4|5|6|7|8|9|10|11|12|13|14|15|16|17|18|19|20,40|39|38|37|36|35|34|33|32|31|30|29|28|27|26|25|24|23|22
1gat,AGATAAAC,TCTATTTG,106|107|108|109|110|111|112|113,127|126|125|124|123|122|121|120
1gau,AGATAAAC,TCTATTTG,106|107|108|109|110|111|112|113,127|126|125|124|123|122|121|120
1h9d,GTTGCGGTTG,CAACGCCAAC,1|2|3|4|5|6|7|8|9|10,10|9|8|7|6|5|4|3|2|1
1hjb,AAGATTTCCAAACTCTGTGGTTGCG,TTCTAAAGGTTTGAGACACCAACGC,2|3|4|5|6|7|8|9|10|11|12|13|14|15|16|17|18|19|20|21|22|23|24|25|26,26|25|24|23|22|21|20|19|18|17|16|15|14|13|12|11|10|9|8|7|6|5|4|3|2
1hjc,AACTCTGTGGTTGCG,TTGAGACACCAACGC,12|13|14|15|16|17|18|19|20|21|22|23|24|25|26,16|15|14|13|12|11|10|9|8|7|6|5|4|3|2
1hlo,CACCACGTGGT,GTGGTGCACCA,102|103|104|105|106|107|108|109|110|111|112,126|125|124|123|122|121|120|119|118|117|116
1io4,AAGATTTCCAAACTCTGTGGTTGCG,TTCTAAAGGTTTGAGACACCAACGC,2|3|4|5|6|7|8|9|10|11|12|13|14|15|16|17|18|19|20|21|22|23|24|25|26,26|25|24|23|22|21|20|19|18|17|16|15|14|13|12|11|10|9|8|7|6|5|4|3|2
1jfi,TGGCTATAAAAGGGCTC,ACCGATATTTTCCCGAG,602|603|604|605|606|607|608|609|610|611|612|613|614|615|616|617|618,718|717|716|715|714|713|712|711|710|709|708|707|706|705|704|703|702
1k78,GTGCCGGAGATGGGCTCCAGTGGCCTGTGCCGGAGATGGGCTCCAGTGGCC,CACGGCCTCTACCCGAGGTCACCGGACACGGCCTCTACCCGAGGTCACCGG,3|4|5|6|7|8|9|10|11|12|13|14|15|16|17|18|19|20|21|22|23|24|25|26|27|1|3|4|5|6|7|8|9|10|11|12|13|14|15|16|17|18|19|20|21|22|23|24|25|26|27,27|26|25|24|23|22|21|20|19|18|17|16|15|14|13|12|11|10|9|8|7|6|5|4|3|2|27|26|25|24|23|22|21|20|19|18|17|16|15|14|13|12|11|10|9|8|7|6|5|4|3
1k79,AGTGCCGGAAATG,TCACGGCCTTTAC,2|3|4|5|6|7|8|9|10|11|12|13|14,15|14|13|12|11|10|9|8|7|6|5|4|3
1k7a,AGTGCCGGAGATG,TCACGGCCTCTAC,2|3|4|5|6|7|8|9|10|11|12|13|14,15|14|13|12|11|10|9|8|7|6|5|4|3
1le5,GGGAAATTCCT,CCCTTTAAGGA,2|3|4|5|6|7|8|9|10|11|12,24|23|22|21|20|19|18|17|16|15|14
1le9,GGGACTTTCCT,CCCTGAAAGGA,702|703|704|705|706|707|708|709|710|711|712,724|723|722|721|720|719|718|717|716|715|714
1lei,CTCAGGGAAAGTACAG,GAGTCCCuuuCAuGTC,1|2|3|4|5|6|7|8|9|10|11|12|13|14|15|16,17|16|15|14|13|12|11|10|9|8|7|6|5|4|3|2
1ngm,CTATAAAAAAATGTTTTTT,GATATTTTTTTACAAAAAA,1|2|3|4|5|6|7|8|9|10|11|12|13|14|15|16|17|18|19,19|18|17|16|15|14|13|12|11|10|9|8|7|6|5|4|3|2|1
1nh2,TGTAuGTATAuAAAAC,ACATACATATATTTTG,1|2|3|4|5|6|7|8|9|10|11|12|13|14|15|16,16|15|14|13|12|11|10|9|8|7|6|5|4|3|2|1
1nkp,GAGTAGCACGTGCTACTC,CTCATCGTGCACGATGAG,102|103|104|105|106|107|108|109|110|111|112|113|114|115|116|117|118|119,319|318|317|316|315|314|313|312|311|310|309|308|307|306|305|304|303|302
1nlw,GAGTAGCACGTGCTACTC,CTCATCGTGCACGATGAG,102|103|104|105|106|107|108|109|110|111|112|113|114|115|116|117|118|119,319|318|317|316|315|314|313|312|311|310|309|308|307|306|305|304|303|302
1nvp,GGGGGGGCTATAAAAGG,CCCCCCCGATATTTTCC,1|2|3|4|5|6|7|8|9|10|11|12|13|14|15|16|17,17|16|15|14|13|12|11|10|9|8|7|6|5|4|3|2|1
1p47,TGGCGTGGGCGGCGTGGGCGT,ACCGCACCCGCCGCACCCGCA,2|3|4|5|6|7|8|9|10|11|12|13|14|15|16|17|18|19|20|21|22,63|62|61|60|59|58|57|56|55|54|53|52|51|50|49|48|47|46|45|44|43
1qn3,GCTATAAACGGGCA,CGATATTTGCCCGT,201|202|203|204|205|206|207|208|209|210|211|212|213|214,228|227|226|225|224|223|222|221|220|219|218|217|216|215
1qn4,GCTATAAAATGGCA,CGATATTTTACCGT,201|202|203|204|205|206|207|208|209|210|211|212|213|214,228|227|226|225|224|223|222|221|220|219|218|217|216|215
1qn5,GCTATAAGAGGGCA,CGATATTCTCCCGT,201|202|203|204|205|206|207|208|209|210|211|212|213|214,228|227|226|225|224|223|222|221|220|219|218|217|216|215
1qn6,GCTATAATAGGGCA,CGATATTATCCCGT,201|202|203|204|205|206|207|208|209|210|211|212|213|214,228|227|226|225|224|223|222|221|220|219|218|217|216|215
1qn7,GCTATATAAGGGCA,CGATATATTCCCGT,201|202|203|204|205|206|207|208|209|210|211|212|213|214,228|227|226|225|224|223|222|221|220|219|218|217|216|215
1qn8,GCTATTAAAGGGCA,CGATAATTTCCCGT,201|202|203|204|205|206|207|208|209|210|211|212|213|214,228|227|226|225|224|223|222|221|220|219|218|217|216|215
1qn9,GCTACAAAAGGGCA,CGATGTTTTCCCGT,201|202|203|204|205|206|207|208|209|210|211|212|213|214,228|227|226|225|224|223|222|221|220|219|218|217|216|215
1qna,GCTTTAAAAGGGCA,CGAAATTTTCCCGT,201|202|203|204|205|206|207|208|209|210|211|212|213|214,228|227|226|225|224|223|222|221|220|219|218|217|216|215
1qnb,GCTATAAATGGGCA,CGATATTTACCCGT,201|202|203|204|205|206|207|208|209|210|211|212|213|214,228|227|226|225|224|223|222|221|220|219|218|217|216|215
1qnc,GCAATAAAAGGGCA,CGTTATTTTCCCGT,201|202|203|204|205|206|207|208|209|210|211|212|213|214,228|227|226|225|224|223|222|221|220|219|218|217|216|215
1qne,GCTATAAAAGGGCA,CGATATTTTCCCGT,201|202|203|204|205|206|207|208|209|210|211|212|213|214,228|227|226|225|224|223|222|221|220|219|218|217|216|215
1r4o,CAGAACATCGATGTTCTG,GTCTTGTAGCTACAAGAC,2|3|4|5|6|7|8|9|10|11|12|13|14|15|16|17|18|19,19|18|17|16|15|14|13|12|11|10|9|8|7|6|5|4|3|2
1r4r,CAGAACATGATGTTCTCA,GTCTTGTACTACAAGAGT,2|3|4|5|6|7|8|9|10|11|12|13|14|15|16|17|18|19,19|18|17|16|15|14|13|12|11|10|9|8|7|6|5|4|3|2
1ram,CGGCTGGAAATTTCCAGCCG,GCCGACCTTTAAAGGTCGGC,1|2|3|4|5|6|7|8|9|10|11|12|13|14|15|16|17|18|19|20,20|19|18|17|16|15|14|13|12|11|10|9|8|7|6|5|4|3|2|1
1rm1,ATCGATCGATATAAAACG,TAGCTAGCTATATTTTGC,1|2|3|4|5|6|7|8|9|10|11|12|13|14|15|16|17|18,36|35|34|33|32|31|30|29|28|27|26|25|24|23|22|21|20|19
1tgh,CGTATATATACG,GCATATATATGC,101|102|103|104|105|106|107|108|109|110|111|112,124|123|122|121|120|119|118|117|116|115|114|113
1tsr,TTCCTAGACTTGCCCAATTA,AAGGATCTGAACGGGTTAAT,2|3|4|5|6|7|8|9|10|11|12|13|14|15|16|17|18|19|20|21,21|20|19|18|17|16|15|14|13|12|11|10|9|8|7|6|5|4|3|2
1tup,TTCCTAGACTTGCCCAATTA,AAGGATCTGAACGGGTTAAT,1002|1003|1004|1005|1006|1007|1008|1009|1010|1011|1012|1013|1014|1015|1016|1017|1018|1019|1020|1021,1121|1120|1119|1118|1117|1116|1115|1114|1113|1112|1111|1110|1109|1108|1107|1106|1105|1104|1103|1102
1vtl,GCTATAAAAGGGCA,CGATATTTTCCCGT,201|202|203|204|205|206|207|208|209|210|211|212|213|214,314|313|312|311|310|309|308|307|306|305|304|303|302|301
1vto,GCTATAAAAGGGCA,CGATATTTTCCCGT,201|202|203|204|205|206|207|208|209|210|211|212|213|214,228|227|226|225|224|223|222|221|220|219|218|217|216|215
1ytb,GTATATAAAACGG,CATATATTTTGCG,1|2|3|4|5|6|7|8|9|10|11|12|13,29|28|27|26|25|24|23|22|21|20|19|18|17
1ytf,TGTATGTATATAAAAC,ACATACATATATTTTG,1|2|3|4|5|6|7|8|9|10|11|12|13|14|15|16,16|15|14|13|12|11|10|9|8|7|6|5|4|3|2|1
2ac0,GGCATGCCCGCGGGCATGCCCG,CCGTACGGGCGCCCGTACGGGC,3|4|5|6|7|8|9|10|11|12|1|2|3|4|5|6|7|8|9|10|11|12,10|9|8|7|6|5|4|3|2|1|12|11|10|9|8|7|6|5|4|3|2|1
2ady,GGACATGTCCGCGGACATGTCC,CCTGTACAGGCGCCTGTACAGG,2|3|4|5|6|7|8|9|10|11|12|1|2|3|4|5|6|7|8|9|10|11,11|10|9|8|7|6|5|4|3|2|1|12|11|10|9|8|7|6|5|4|3|2
2ahi,GACATGTCCGCGGACATGTCCG,CTGTACAGGCGCCTGTACAGGC,3|4|5|6|7|8|9|10|11|12|1|2|3|4|5|6|7|8|9|10|11|12,10|9|8|7|6|5|4|3|2|1|12|11|10|9|8|7|6|5|4|3|2|1
2ata,GGCATGCCTTAAGGCATGCCT,CCGTACGGAATTCCGTACGGA,3|4|5|6|7|8|9|10|11|12|1|2|3|4|5|6|7|8|9|10|11,10|9|8|7|6|5|4|3|2|1|12|11|10|9|8|7|6|5|4|3|2
2gat,GTTGCAGATAAACATT,CAACGTCTATTTGTAA,101|102|103|104|105|106|107|108|109|110|111|112|113|114|115|116,132|131|130|129|128|127|126|125|124|123|122|121|120|119|118|117
2geq,TGAGCATGCTCAC,ACTCGTACGAGTG,4|5|6|7|8|9|10|11|12|13|14|15|16,15|14|13|12|11|10|9|8|7|6|5|4|3
2i9t,AGTGGGAAATTCCTCTG,TCACCCTTTAAGGAGAC,701|702|703|704|705|706|707|708|709|710|711|712|713|714|715|716|717,734|733|732|731|730|729|728|727|726|725|724|723|722|721|720|719|718
2nny,AGACAGGAAGCACTTCCTGGAG,TCTGTCCTTCGTGAAGGACCTC,2|3|4|5|6|7|8|9|10|11|12|13|14|15|16|17|18|19|20|21|22|23,23|22|21|20|19|18|17|16|15|14|13|12|11|10|9|8|7|6|5|4|3|2
2ram,CGGCTGGAAATuuCCAGCCG,GCCGACCuuTAAAGGTCGGC,1|2|3|4|5|6|7|8|9|10|11|12|13|14|15|16|17|18|19|20,20|19|18|17|16|15|14|13|12|11|10|9|8|7|6|5|4|3|2|1
2stt,TCGAGCCGGAAGTTCGA,AGCTCGGCCTTCAAGCT,1|2|3|4|5|6|7|8|9|10|11|12|13|14|15|16|17,34|33|32|31|30|29|28|27|26|25|24|23|22|21|20|19|18
2stw,TCGAGCCGGAAGTTCGA,AGCTCGGCCTTCAAGCT,1|2|3|4|5|6|7|8|9|10|11|12|13|14|15|16|17,34|33|32|31|30|29|28|27|26|25|24|23|22|21|20|19|18
3d0a,CGGGCATGCC,GCCCGTACGG,1|2|3|4|5|6|7|8|9|10,12|11|10|9|8|7|6|5|4|3
3exj,TGAGCATGCTCGAGCATGCTCA,ACTCGTACGAGCTCGTACGAGT,2|3|4|5|6|7|8|9|10|11|12|13|14|15|16|17|18|19|20|21|22|23,23|22|21|20|19|18|17|16|15|14|13|12|11|10|9|8|7|6|5|4|3|2
3exl,GAGCATGCTCGAGCATGCTC,CTCGTACGAGCTCGTACGAG,3|4|5|6|7|18|19|20|21|22|3|4|5|6|7|18|19|20|21|22,22|21|20|19|18|7|6|5|4|3|22|21|20|19|18|7|6|5|4|3
3fyl,GAACATTTTGTCCG,CTTGTAAAACAGGC,3|4|5|6|7|8|9|10|11|12|13|14|15|16,15|14|13|12|11|10|9|8|7|6|5|4|3|2
3g6p,CAGAACACCCTGTTCTG,GTCTTGTGGGACAAGAC,2|3|4|5|6|7|8|9|10|11|12|13|14|15|16|17|18,18|17|16|15|14|13|12|11|10|9|8|7|6|5|4|3|2
3g6q,AGAACACCCTGTTCTAGAACAGGGTGTTCT,TCTTGTGGGACAAGATCTTGTCCCACAAGA,2|3|4|5|6|7|8|9|10|11|12|13|14|15|1|2|3|4|5|6|7|8|9|10|11|12|13|14|15|16,16|15|14|13|12|11|10|9|8|7|6|5|4|3|2|1|15|14|13|12|11|10|9|8|7|6|5|4|3|2
3g6r,CAGAACAGGGTGTTCTG,GTCTTGTCCCACAAGAC,2|3|4|5|6|7|8|9|10|11|12|13|14|15|16|17|18,18|17|16|15|14|13|12|11|10|9|8|7|6|5|4|3|2
3g6t,GAACAGGGTGTTCT,CTTGTCCCACAAGA,3|4|5|6|7|8|9|10|11|12|13|14|15|16,15|14|13|12|11|10|9|8|7|6|5|4|3|2
3g6u,GAACACCCTGTTCT,CTTGTGGGACAAGA,3|4|5|6|7|8|9|10|11|12|13|14|15|16,15|14|13|12|11|10|9|8|7|6|5|4|3|2
3g8u,GAACATTGGGTTCC,CTTGTAACCCAAGG,3|4|5|6|7|8|9|10|11|12|13|14|15|16,15|14|13|12|11|10|9|8|7|6|5|4|3|2
3g8x,GAACATTGGGTTCC,CTTGTAACCCAAGG,3|4|5|6|7|8|9|10|11|12|13|14|15|16,15|14|13|12|11|10|9|8|7|6|5|4|3|2
3g97,GAACCCAATGTTCT,CTTGGGTTACAAGA,3|4|5|6|7|8|9|10|11|12|13|14|15|16,15|14|13|12|11|10|9|8|7|6|5|4|3|2
3g99,GAACATTTTGTTCT,CTTGTAAAACAAGA,3|4|5|6|7|8|9|10|11|12|13|14|15|16,15|14|13|12|11|10|9|8|7|6|5|4|3|2
3g9i,AGAACATTTTGTTCTAGAACAAAATGTTCT,TCTTGTAAAACAAGATCTTGTTTTACAAGA,2|3|4|5|6|7|8|9|10|11|12|13|14|15|1|2|3|4|5|6|7|8|9|10|11|12|13|14|15|16,16|15|14|13|12|11|10|9|8|7|6|5|4|3|2|1|15|14|13|12|11|10|9|8|7|6|5|4|3|2
3g9j,CAGAACAAAATGTTCTG,GTCTTGTTTTACAAGAC,2|3|4|5|6|7|8|9|10|11|12|13|14|15|16|17|18,18|17|16|15|14|13|12|11|10|9|8|7|6|5|4|3|2
3g9m,GAACATTTTGTCCG,CTTGTAAAACAGGC,3|4|5|6|7|8|9|10|11|12|13|14|15|16,15|14|13|12|11|10|9|8|7|6|5|4|3|2
3g9o,GGACAAAATGTTCT,CCTGTTTTACAAGA,3|4|5|6|7|8|9|10|11|12|13|14|15|16,15|14|13|12|11|10|9|8|7|6|5|4|3|2
3g9p,GGACAAAATGTTCT,CCTGTTTTACAAGA,3|4|5|6|7|8|9|10|11|12|13|14|15|16,15|14|13|12|11|10|9|8|7|6|5|4|3|2
3gat,GTTGCAGATAAACATT,CAACGTCTATTTGTAA,101|102|103|104|105|106|107|108|109|110|111|112|113|114|115|116,132|131|130|129|128|127|126|125|124|123|122|121|120|119|118|117
3gut,GGGACTTTCCGCTGGGGACTTTCCA,CCCTGAAAGGCGACCCCTGAAAGGT,2|3|4|5|6|7|8|9|10|11|12|13|14|15|16|17|18|19|20|21|22|23|24|25|26,26|25|24|23|22|21|20|19|18|17|16|15|14|13|12|11|10|9|8|7|6|5|4|3|2
3igk,GGCATGCC,CCGTACGG,3|4|5|6|7|8|9|10,10|9|8|7|6|5|4|3
3igl,GGCATGCC,CCGTACGG,3|4|5|6|7|8|9|10,10|9|8|7|6|5|4|3
3kmd,GGCATGCCTAGGCATGCC,CCGTACGGATCCGTACGG,2|3|4|5|6|7|8|9|10|11|12|13|14|15|16|17|18|19,19|18|17|16|15|14|13|12|11|10|9|8|7|6|5|4|3|2
3kz8,GGGCATGCCCGGGCATGCCC,CCCGTACGGGCCCGTACGGG,1|2|3|4|5|6|7|8|9|10|11|12|13|14|15|16|17|18|19|20,20|19|18|17|16|15|14|13|12|11|10|9|8|7|6|5|4|3|2|1
3mfk,CAGGAAGTGCTTCCT,GTCCTTCACGAAGGA,2|3|4|5|6|7|8|9|10|11|12|13|14|15|16,116|115|114|113|112|111|110|109|108|107|106|105|104|103|102
3mkw,CTGGGACCATGGTCCCAG,GACCCTGGTACCAGGGTC,1|2|3|4|5|6|7|8|9|10|11|12|13|14|15|16|17|18,18|17|16|15|14|13|12|11|10|9|8|7|6|5|4|3|2|1
3mky,CTGGGACCATGGTCCCAG,GACCCTGGTACCAGGGTC,1|2|3|4|5|6|7|8|9|10|11|12|13|14|15|16|17|18,18|17|16|15|14|13|12|11|10|9|8|7|6|5|4|3|2|1
3mkz,CTGGGACCATGGTCCCAG,GACCCTGGTACCAGGGTC,1|2|3|4|5|6|7|8|9|10|11|12|13|14|15|16|17|18,18|17|16|15|14|13|12|11|10|9|8|7|6|5|4|3|2|1
3oqm,TTGATAACGCTTACAA,AACTATTGCGAATGTT,700|701|702|703|704|705|706|707|708|709|710|711|712|713|714|715,715|714|713|712|711|710|709|708|707|706|705|704|703|702|701|700
3oqn,ATGGTACCGCTTTCAA,TACCATGGCGAAAGTT,700|701|702|703|704|705|706|707|708|709|710|711|712|713|714|715,715|714|713|712|711|710|709|708|707|706|705|704|703|702|701|700
3oqo,CTGAAAGCGCTAACAG,GACTTTCGCGATTGTC,700|701|702|703|704|705|706|707|708|709|710|711|712|713|714|715,715|714|713|712|711|710|709|708|707|706|705|704|703|702|701|700
3q05,TGAGACATGCCCAGACATGCCCGT,ACTCTGTACGGGTCTGTACGGGCA,3|4|5|6|7|8|9|10|11|12|13|14|15|16|17|18|19|20|21|22|23|24|25|26,50|49|48|47|46|45|44|43|42|41|40|39|38|37|36|35|34|33|32|31|30|29|28|27
3q06,GAGACATGCCCAGACATGCCC,CTCTGTACGGGTCTGTACGGG,4|5|6|7|8|9|10|11|12|13|14|15|16|17|18|19|20|21|22|23|24,49|48|47|46|45|44|43|42|41|40|39|38|37|36|35|34|33|32|31|30|29
3ri4,GAAGCCACATCCTCT,CTTCGGTGTAGGAGA,202|203|204|205|206|207|208|209|210|211|212|213|214|215|216,316|315|314|313|312|311|310|309|308|307|306|305|304|303|302
3ts8,AGGAACATGTCCCAACATGTTGAG,TCCTTGTACAGGGTTGTACAACTC,3|4|5|6|7|8|9|10|11|12|13|14|15|16|17|18|19|20|21|22|23|24|25|26,50|49|48|47|46|45|44|43|42|41|40|39|38|37|36|35|34|33|32|31|30|29|28|27
3vd6,GTCTTATCAGATGGACTC,CAGAATAGTCTACCTGAG,3|4|5|6|7|8|9|10|11|12|13|14|15|16|17|18|19|20,40|39|38|37|36|35|34|33|32|31|30|29|28|27|26|25|24|23
3vea,AGTTCGTGACAATGTCACGAACT,TCAAGCACTGTTACAGTGCTTGA,1|2|3|4|5|6|7|8|9|10|11|12|13|14|15|16|17|18|19|20|21|22|23,23|22|21|20|19|18|17|16|15|14|13|12|11|10|9|8|7|6|5|4|3|2|1
3veb,CGTGACAATGTCACG,GCACTGTTACAGTGC,2|3|4|5|6|7|8|9|10|11|12|13|14|15|16,16|15|14|13|12|11|10|9|8|7|6|5|4|3|2
3vek,GTCTTATCAGATGGACTC,CAGAATAGTCTACCTGAG,3|4|5|6|7|8|9|10|11|12|13|14|15|16|17|18|19|20,40|39|38|37|36|35|34|33|32|31|30|29|28|27|26|25|24|23
3wts,GAAGCCACATCCTCT,CTTCGGTGTAGGAGA,1|2|3|4|5|6|7|8|9|10|11|12|13|14|15,115|114|113|112|111|110|109|108|107|106|105|104|103|102|101
3wtt,GAAGCCACATCCTCT,CTTCGGTGTAGGAGA,1|2|3|4|5|6|7|8|9|10|11|12|13|14|15,15|14|13|12|11|10|9|8|7|6|5|4|3|2|1
3wtu,GAAGCCACATCCTCT,CTTCGGTGTAGGAGA,1|2|3|4|5|6|7|8|9|10|11|12|13|14|15,15|14|13|12|11|10|9|8|7|6|5|4|3|2|1
3wtv,GAAGCCACATCCTCT,CTTCGGTGTAGGAGA,1|2|3|4|5|6|7|8|9|10|11|12|13|14|15,15|14|13|12|11|10|9|8|7|6|5|4|3|2|1
3wtw,GAAGCCACATCCTCT,CTTCGGTGTAGGAGA,1|2|3|4|5|6|7|8|9|10|11|12|13|14|15,15|14|13|12|11|10|9|8|7|6|5|4|3|2|1
3wtx,GAAGCCACATCCTCT,CTTCGGTGTAGGAGA,1|2|3|4|5|6|7|8|9|10|11|12|13|14|15,115|114|113|112|111|110|109|108|107|106|105|104|103|102|101
3wty,GAAGCCACATCCTCT,CTTCGGTGTAGGAGA,1|2|3|4|5|6|7|8|9|10|11|12|13|14|15,15|14|13|12|11|10|9|8|7|6|5|4|3|2|1
3wu1,GAAGCCACATCCTCT,CTTCGGTGTAGGAGA,2|3|4|5|6|7|8|9|10|11|12|13|14|15|16,116|115|114|113|112|111|110|109|108|107|106|105|104|103|102
3zql,TTCGTACGCCGTACGAA,AAGCATGCGGCATGCTT,1|2|3|4|5|6|7|8|9|10|11|12|13|14|15|16|17,17|16|15|14|13|12|11|10|9|8|7|6|5|4|3|2|1
4d8j,TTCGTGACAATGTCACGAA,AAGCACTGTTACAGTGCTT,1|2|3|4|5|6|7|8|9|10|11|12|13|14|15|16|17|18|19,19|18|17|16|15|14|13|12|11|10|9|8|7|6|5|4|3|2|1
4e68,GCATTTCCCGTAAATCT,TCTAAATGCCCTTTACG,1002|1003|1004|1005|1006|1007|1008|1009|1010|1011|1012|1013|1014|1015|1016|1017|1018,1018|1017|1016|1015|1014|1013|1012|1011|1010|1009|1008|1007|1006|1005|1004|1003|1002
4gck,GTGAGTACTCAC,CACTCATGAGTG,2|3|4|5|6|7|8|9|10|11|12|13,34|33|32|31|30|29|28|27|26|25|24|23
4gcl,AGTGAGTACTCACT,TCACTCATGAGTGA,1|2|3|4|5|6|7|8|9|10|11|12|13|14,35|34|33|32|31|30|29|28|27|26|25|24|23|22
4gct,TTACGTGAGTACTCACGTAA,AATGCACTCATGAGTGCATT,1|2|3|4|5|6|7|8|9|10|11|12|13|14|15|16|17|18|19|20,38|37|36|35|34|33|32|31|30|29|28|27|26|25|24|23|22|21|20|19
4hje,CACAAGTTAGAGACAAGCCT,GTGTTCAATCTCTGTTCGGA,2|3|4|5|6|7|8|9|10|11|12|13|14|15|16|17|18|19|20|21,20|19|18|17|16|15|14|13|12|11|10|9|8|7|6|5|4|3|2|1
4hn5,CGCCTCCGGGAGAGCT,GCGGAGGCCCTCTCGA,857|858|859|860|861|862|863|864|865|866|867|868|869|870|871|872,857|856|855|854|853|852|851|850|849|848|847|846|845|844|843|842
4hn6,CGCCTCCGGGAGAGCT,GCGGAGGCCCTCTCGA,857|858|859|860|861|862|863|864|865|866|867|868|869|870|871|872,857|856|855|854|853|852|851|850|849|848|847|846|845|844|843|842
4ibu,GGGCATGCCCGCGGGCATGCCCG,CCCGTACGGGCGCCCGTACGGGC,2|3|4|5|6|7|8|9|10|11|12|1|2|3|4|5|6|7|8|9|10|11|12,11|10|9|8|7|6|5|4|3|2|1|12|11|10|9|8|7|6|5|4|3|2|1
4ibv,GGCATGCC,CCGTACGG,3|4|5|6|7|8|9|10,10|9|8|7|6|5|4|3
4ibw,GGCATGCC,CCGTACGG,3|4|5|6|7|8|9|10,10|9|8|7|6|5|4|3
4l0y,GAAGCCACATCCTCT,CTTCGGTGTAGGAGA,2|3|4|5|6|7|8|9|10|11|12|13|14|15|16,116|115|114|113|112|111|110|109|108|107|106|105|104|103|102
4l0z,GAAGCCACATCCTCT,CTTCGGTGTAGGAGA,2|3|4|5|6|7|8|9|10|11|12|13|14|15|16,116|115|114|113|112|111|110|109|108|107|106|105|104|103|102
4l18,GAAGCCACATCCTCT,CTTCGGTGTAGGAGA,2|3|4|5|6|7|8|9|10|11|12|13|14|15|16,116|115|114|113|112|111|110|109|108|107|106|105|104|103|102
4lg0,CACGGTTTCCTGTTATTGT,GTGCCAAAGGACAATAACA,3|4|5|6|7|8|9|10|11|12|13|14|15|16|17|18|19|20|21,21|20|19|18|17|16|15|14|13|12|11|10|9|8|7|6|5|4|3
4mhg,ACCCGGAAGTGAG,TGGGCCTTCACTC,2|3|4|5|6|7|8|9|10|11|12|13|14,14|13|12|11|10|9|8|7|6|5|4|3|2
4mzr,TGAGACTTGCCCAGACTTGCCCGT,ACTCTGAACGGGTCTGAACGGGCA,3|4|5|6|7|8|9|10|11|12|13|14|15|16|17|18|19|20|21|22|23|24|25|26,50|49|48|47|46|45|44|43|42|41|40|39|38|37|36|35|34|33|32|31|30|29|28|27
4r22,GTGTAAGGAATTCTGACAC,CACAGTCTTAAGGAATGTG,1|2|3|4|5|6|7|8|9|10|11|12|13|14|15|16|17|18|19,19|18|17|16|15|14|13|12|11|10|9|8|7|6|5|4|3|2|1
4r24,CGTGTAAGGAATTCTGACACG,GCACAGTCTTAAGGAATGTGC,0|1|2|3|4|5|6|7|8|9|10|11|12|13|14|15|16|17|18|19|20,20|19|18|17|16|15|14|13|12|11|10|9|8|7|6|5|4|3|2|1|0
4r2a,GCGTGGGcGT,CGCACCCGcA,2|3|4|5|6|7|8|9|10|11,11|10|9|8|7|6|5|4|3|2
4r2c,GCGTGGGcGT,CGCACCCGcA,2|3|4|5|6|7|8|9|10|11,11|10|9|8|7|6|5|4|3|2
4r2d,GCGTGGGcGT,CGCACCCGcA,2|3|4|5|6|7|8|9|10|11,11|10|9|8|7|6|5|4|3|2
4r4e,TTCTGAC,ATGACTG,10|11|12|13|14|15|16,9|8|7|6|5|4|3
4roc,TTGAAGGGCTTAAAATAGGTGTGACAG,AACTTCCCGAATTTTATCCACACTGTC,2|3|4|5|6|7|8|9|10|11|12|13|14|15|16|17|18|19|20|21|22|23|24|25|26|27|28,27|26|25|24|23|22|21|20|19|18|17|16|15|14|13|12|11|10|9|8|7|6|5|4|3|2|1
4rod,TTTGCGATCCTTATATAGCTGCGCGGG,AAACGCTAGGAATATATCGACGCGCCC,2|3|4|5|6|7|8|9|10|11|12|13|14|15|16|17|18|19|20|21|22|23|24|25|26|27|28,27|26|25|24|23|22|21|20|19|18|17|16|15|14|13|12|11|10|9|8|7|6|5|4|3|2|1
4roe,CATACAGAACTTATAAGATTCCCAAA,GTATGTCTTGAATATTCTAAGGGTTT,3|4|5|6|7|8|9|10|11|12|13|14|15|16|17|18|19|20|21|22|23|24|25|26|27|28,27|26|25|24|23|22|21|20|19|18|17|16|15|14|13|12|11|10|9|8|7|6|5|4|3|2
4wzs,CCACCCCCTTTATAGCCC,GGTGGGGGAAATATCGGG,2|3|4|5|6|7|8|9|10|11|12|14|15|16|17|18|19|20,23|22|21|20|19|18|17|16|15|13|12|11|10|9|8|7|6|5
4x9j,GcGTGGGcGT,CGcACCCGcA,2|3|4|5|6|7|8|9|10|11,61|60|59|58|57|56|55|54|53|52
4yg1,TTATCCGCTTAAGGGGATATTATAAGTTTTATCCTTTAGTGAGGATAA,AATAGGCGAATTCCCCTATAATATTCAAAATAGGAAATCACTCCTATT,699|700|701|702|703|704|705|706|707|708|709|710|711|712|713|714|715|716|717|718|719|720|721|722|723|724|725|726|727|728|729|730|731|732|733|734|735|736|737|738|739|740|741|742|743|744|745|746,747|746|745|744|743|742|741|740|739|738|737|736|735|734|733|732|731|730|729|728|727|726|725|724|723|722|721|720|719|718|717|716|715|714|713|712|711|710|709|708|707|706|705|704|703|702|701|700
4yg4,ATCCCCTTAAGGGGATATATATATATATATCCCCTTAAGGGGAT,TAGGGGAATTCCCCTATATATATATATATAGGGGAATTCCCCTA,702|703|704|705|706|707|708|709|710|711|712|713|714|715|716|717|718|719|720|721|722|723|724|725|726|727|728|729|730|731|732|733|734|735|736|737|738|739|740|741|742|743|744|745,745|744|743|742|741|740|739|738|737|736|735|734|733|732|731|730|729|728|727|726|725|724|723|722|721|720|719|718|717|716|715|714|713|712|711|710|709|708|707|706|705|704|703|702
4yg7,TTATCCCCTTAAGGGGATATATATATATATATCCCCTTAAGGGGATAA,GATAGGGGAATTCCCCTATATATATATATATAGGGGAATTCCCCTATT,700|701|702|703|704|705|706|707|708|709|710|711|712|713|714|715|716|717|718|719|720|721|722|723|724|725|726|727|728|729|730|731|732|733|734|735|736|737|738|739|740|741|742|743|744|745|746|747,719|718|717|716|715|714|713|712|711|710|709|708|707|706|705|704|703|702|701|700|699|698|697|696|695|694|693|692|691|690|689|688|687|686|685|684|683|682|681|680|679|678|677|676|675|674|673|672
4z58,TTATCCGCTCTACGGGATAA,AATAGGGCATCTCGCCTATT,1|2|3|4|5|6|7|8|9|10|11|12|13|14|15|16|17|18|19|20,20|19|18|17|16|15|14|13|12|11|10|9|8|7|6|5|4|3|2|1
4z59,TTATCCGCGATCGCGGATAA,AATAGGCGCTAGCGCCTATT,1|2|3|4|5|6|7|8|9|10|11|12|13|14|15|16|17|18|19|20,20|19|18|17|16|15|14|13|12|11|10|9|8|7|6|5|4|3|2|1
4z5c,TATCCCGTAGAGCGGATAA,ATAGGGCATCTCGCCTATT,3|4|5|6|7|8|9|10|11|12|13|14|15|16|17|18|19|20|21,41|40|39|38|37|36|35|34|33|32|31|30|29|28|27|26|25|24|23
4z5d,TATCCGCGATCGCGGATAA,ATAGGCGCTAGCGCCTATT,3|4|5|6|7|8|9|10|11|12|13|14|15|16|17|18|19|20|21,41|40|39|38|37|36|35|34|33|32|31|30|29|28|27|26|25|24|23
4z5h,TTATCCTCACTAAAGGATAA,AATAGGAAATCACTCCTATT,1|2|3|4|5|6|7|8|9|10|11|12|13|14|15|16|17|18|19|20,20|19|18|17|16|15|14|13|12|11|10|9|8|7|6|5|4|3|2|1
5bua,GACATGTC,CTGTACAG,2|3|4|5|6|7|8|9,9|8|7|6|5|4|3|2
5cby,CAGAACAGAGTGTTCTG,GTCTTGTCTCACAAGAC,2|3|4|5|6|7|8|9|10|11|12|13|14|15|16|17|18,18|17|16|15|14|13|12|11|10|9|8|7|6|5|4|3|2
5cc1,CAGAACAGAGTGTTCTG,GTCTTGTCTCACAAGAC,2|3|4|5|6|7|8|9|10|11|12|13|14|15|16|17|18,18|17|16|15|14|13|12|11|10|9|8|7|6|5|4|3|2
5e69,GAGGAAATTCCACGAT,CTCCTTTAAGGTGCTA,18|19|20|21|22|23|24|25|26|27|28|29|30|31|32|33,49|48|47|46|45|44|43|42|41|40|39|38|37|36|35|34
5e6a,CTGGGAATTTCCTGAT,GACCCTTAAAGGACTA,1|2|3|4|5|6|7|8|9|10|11|12|13|14|15|16,16|15|14|13|12|11|10|9|8|7|6|5|4|3|2|1
5e6b,CGGCGGAATTCCCCGG,GCCGCCTTAAGGGGCC,1|2|3|4|5|6|7|8|9|10|11|12|13|14|15|16,16|15|14|13|12|11|10|9|8|7|6|5|4|3|2|1
5e6c,AGTGGAAATTCCCAC,TCACCTTTAAGGGTG,1|2|3|4|5|6|7|8|9|10|11|12|13|14|15,16|15|14|13|12|11|10|9|8|7|6|5|4|3|2
5e6d,GCTCCGGAATTTCCAA,CGAGGCCTTAAAGGTT,1|2|3|4|5|6|7|8|9|10|11|12|13|14|15|16,16|15|14|13|12|11|10|9|8|7|6|5|4|3|2|1
5emc,CAGAAcATCATGTTcTG,GTcTTGTAGTAcAAGAC,2|3|4|5|6|7|8|9|10|11|12|13|14|15|16|17|18,44|43|42|41|40|39|38|37|36|35|34|33|32|31|30|29|28
5emp,CAGAACATGATGTTCTG,GTCTTGTAcTACAAGAC,2|3|4|5|6|7|8|9|10|11|12|13|14|15|16|17|18,19|18|17|16|15|14|13|12|11|10|9|8|7|6|5|4|3
5emq,CAGAACATGATGTTCTG,GTCTTGTACTACAAGAC,2|3|4|5|6|7|8|9|10|11|12|13|14|15|16|17|18,19|18|17|16|15|14|13|12|11|10|9|8|7|6|5|4|3
5eyo,AGTAGCAcGTGCTACT,TCATCGTGcACGATGA,4|5|6|7|8|9|10|11|12|13|14|15|16|17|18|19,19|18|17|16|15|14|13|12|11|10|9|8|7|6|5|4
5hbu,GTGAGTACTCAC,CACTCATGAGTG,2|3|4|5|6|7|8|9|10|11|12|13,34|33|32|31|30|29|28|27|26|25|24|23
5i44,TGACGCCGGCGTCA,ACTGCGGCCGCAGT,1|2|3|4|5|6|7|8|9|10|11|12|13|14,14|13|12|11|10|9|8|7|6|5|4|3|2|1
5i50,CACCCGGTCACGTGGCCTACAC,GTGGGCCAGTGCACCGGATGTG,1|2|3|4|5|6|7|8|9|10|11|12|13|14|15|16|17|18|19|20|21|22,22|21|20|19|18|17|16|15|14|13|12|11|10|9|8|7|6|5|4|3|2|1
5k1y,TGTCACGAACTATGTAGTTCGTGACAATGACAA,TTCTTGCTTGACGCATCAAGCACTTCAAGCACT,13|14|15|16|17|18|19|20|21|22|23|24|25|26|27|28|29|30|31|32|33|34|35|36|37|38|39|40|41|42|43|44|45,38|37|36|35|34|33|32|31|30|29|28|27|26|25|24|23|22|21|20|19|18|17|16|15|14|13|12|11|10|9|8|7|6
5k58,GTGAGTACTCAC,CACTCATGAGTG,2|3|4|5|6|7|8|9|10|11|12|13,13|12|11|10|9|8|7|6|5|4|3|2
5k5h,CAGCAGGGGGCG,GTCGTCCCCCGC,1|2|3|4|5|6|7|8|9|10|11|12,14|13|12|11|10|9|8|7|6|5|4|3
5k5i,CCCTGCTGGCAC,GGGACGACCGTG,1|2|3|4|5|6|7|8|9|10|11|12,12|11|10|9|8|7|6|5|4|3|2|1
5k5j,CCCTGCTGGCAA,GGGACGACCGTT,1|2|3|4|5|6|7|8|9|10|11|12,12|11|10|9|8|7|6|5|4|3|2|1
5k5l,ACGCGGCAACGTTGCCGCGTG,TGCGCCGTTGCAACGGCGCAC,2|3|4|5|6|7|8|9|10|11|1|2|3|4|5|6|7|8|9|10|11,10|9|8|7|6|5|4|3|2|1|11|10|9|8|7|6|5|4|3|2|1
5k5o,CGTAGTTCGTGACAATGTCACGAACT,GCATCAAGCACTGTTACAGTGCTTGA,1|2|3|4|5|6|7|8|9|10|11|12|13|14|15|16|17|18|19|20|21|22|23|24|25|26,26|25|24|23|22|21|20|19|18|17|16|15|14|13|12|11|10|9|8|7|6|5|4|3|2|1
5k5q,AATATGCTCTATGATTAACATAGAGCAATTT,TTATACGAGACGCTAATTGTATCTCGTTAAA,13|14|16|17|18|19|20|21|22|23|24|25|26|27|28|29|30|31|32|33|34|35|36|37|38|39|40|41|42|43|44,37|36|35|34|33|32|31|30|29|28|27|26|25|24|23|22|21|20|19|18|17|16|15|14|13|12|11|10|9|8|7
5k5r,TATTATGCTCTATGATTAACATAGAGCAAACA,ATAATACGAGACGCTAATTGTATCTCGTTTGT,13|14|15|16|17|18|19|20|21|22|23|24|25|26|27|28|29|30|31|32|33|34|35|36|37|38|39|40|41|42|43|44,38|37|36|35|34|33|32|31|30|29|28|27|26|25|24|23|22|21|20|19|18|17|16|15|14|13|12|11|10|9|8|7
5k98,CTATCCCCTTAAGGGGATAGGGA,GATAGGGGAATTCCCCTATCCCT,700|701|702|703|704|705|706|707|708|709|710|711|712|713|714|715|716|717|718|719|720|721|722,719|718|717|716|715|714|713|712|711|710|709|708|707|706|705|704|703|702|701|700|699|698|697
5kbj,CGTCCAGAAGTTCGAAAATCGAACGTCCAGAT,GCAGGTCTTCAAGCTTTTAGCTTGCAGGTCTA,2|3|4|5|6|7|8|9|10|11|12|13|14|15|16|17|18|19|20|21|22|23|24|25|26|27|28|29|30|31|32|33,34|33|32|31|30|29|28|27|26|25|24|23|22|21|20|19|18|17|16|15|14|13|12|11|10|9|8|7|6|5|4|3
5kk1,AATATGCTCTATGATTAACATAGAGCAATT,TTATACGAGACGCTAATTGTATCTCGTTAA,14|15|16|17|18|19|20|21|22|23|24|25|26|27|28|29|30|31|32|33|34|35|36|37|38|39|40|41|42|43,37|36|35|34|33|32|31|30|29|28|27|26|25|24|23|22|21|20|19|18|17|16|15|14|13|12|11|10|9|8
5kkq,TAGCGCCCCCTGCTGGC,ATCGCGGGGGACGACCG,1|2|3|4|5|6|7|8|9|10|11|12|13|14|15|16|17,17|16|15|14|13|12|11|10|9|8|7|6|5|4|3|2|1
5lgy,TCACAAGTTAGAGACAAGCCT,AGTGTTCAATCTCTGTTCGGA,1|2|3|4|5|6|7|8|9|10|11|12|13|14|15|16|17|18|19|20|21,21|20|19|18|17|16|15|14|13|12|11|10|9|8|7|6|5|4|3|2|1
5mct,GGGCaTGCCCGGGCaTGCCC,CCCGTaCGGGCCCGTaCGGG,1|2|3|4|5|6|7|8|9|10|11|12|13|14|15|16|17|18|19|20,20|19|18|17|16|15|14|13|12|11|10|9|8|7|6|5|4|3|2|1
5mcu,GGGCaTGCCCGGGCaTGCCC,CCCGTaCGGGCCCGTaCGGG,1|2|3|4|5|6|7|8|9|10|11|12|13|14|15|16|17|18|19|20,20|19|18|17|16|15|14|13|12|11|10|9|8|7|6|5|4|3|2|1
5mcv,GGGCgcGCCCGGGCgcGCCC,CCCGcgCGGGCCCGcgCGGG,1|2|3|4|5|6|7|8|9|10|11|12|13|14|15|16|17|18|19|20,20|19|18|17|16|15|14|13|12|11|10|9|8|7|6|5|4|3|2|1
5mcw,GGGCgcGCCCGGGCgcGCCC,CCCGcgCGGGCCCGcgCGGG,1|2|3|4|5|6|7|8|9|10|11|12|13|14|15|16|17|18|19|20,20|19|18|17|16|15|14|13|12|11|10|9|8|7|6|5|4|3|2|1
5mf7,AACATGTCTAAGCATGCT,TCGTACGAATCTGTACAA,2|3|4|5|6|7|8|9|10|11|12|13|14|15|16|17|18|19,19|18|17|16|15|14|13|12|11|10|9|8|7|6|5|4|3|2
5mg7,TGACATGCCCAGGCATGTCT,TCTGTACGGACCCGTACAGT,1|2|3|4|5|6|7|8|9|10|11|12|13|14|15|16|17|18|19|20,20|19|18|17|16|15|14|13|12|11|10|9|8|7|6|5|4|3|2|1
5t00,TAGcGCCCCCTGCTGGC,ATCGcGGGGGACGACCG,1|2|3|4|5|6|7|8|9|10|11|12|13|14|15|16|17,17|16|15|14|13|12|11|10|9|8|7|6|5|4|3|2|1
5t0u,CCTCACTAGCGCCCCCTGCTGGC,GGAGTGATCGCGGGGGACGACCG,1|2|3|4|5|6|7|8|9|10|11|12|13|14|15|16|17|18|19|20|21|22|23,23|22|21|20|19|18|17|16|15|14|13|12|11|10|9|8|7|6|5|4|3|2|1
5u01,AGCGGAAATTCCCGGGAATTTCCGCT,TCGCCTTTAAGGGCCCTTAAAGGCGA,201|202|203|204|205|206|207|208|209|210|211|212|213|214|215|216|217|218|219|220|221|222|223|224|225|226,226|225|224|223|222|221|220|219|218|217|216|215|214|213|212|211|210|209|208|207|206|205|204|203|202|201
5und,CGCCCCCTGCTGGCCTCTGTGGGCA,GCGGGGGACGACCGGAGACACCCGT,1|2|3|4|5|6|7|8|9|10|11|12|13|14|15|16|17|18|19|20|21|22|23|24|25,28|27|26|25|24|23|22|21|20|19|18|17|16|15|14|13|12|11|10|9|8|7|6|5|4
5va0,CGGCTGACTCATCAAG,GCCGACTGAGTAGTTC,517|518|519|520|521|522|523|524|525|526|527|528|529|530|531|532,516|515|514|513|512|511|510|509|508|507|506|505|504|503|502|501
5va7,AGGGTGAGTCAGGATG,TCCCACTCAGTCCTAC,859|860|861|862|863|864|865|866|867|868|869|870|871|872|873|874,855|854|853|852|851|850|849|848|847|846|845|844|843|842|841|840
5yef,AGTCGACTCGCCCTCTGCTGGTTAAAG,TCAGCTGAGCGGGAGACGACCAATTTC,2|3|4|5|6|7|8|9|10|11|12|13|14|15|16|17|18|19|20|21|22|23|24|25|26|27|28,28|27|26|25|24|23|22|21|20|19|18|17|16|15|14|13|12|11|10|9|8|7|6|5|4|3|2
5yeg,CTTTAACCAGCAGAGGGCG,GAAATTGGTCGTCTCCCGC,2|3|4|5|6|7|8|9|10|11|12|13|14|15|16|17|18|19|20,20|19|18|17|16|15|14|13|12|11|10|9|8|7|6|5|4|3|2
5yeh,CGGTTTCCGCTAGAGGGCG,GCCAAAGGCGATCTCCCGC,2|3|4|5|6|7|8|9|10|11|12|13|14|15|16|17|18|19|20,20|19|18|17|16|15|14|13|12|11|10|9|8|7|6|5|4|3|2
5yel,CTGCTGGTTAAATGTGGTACTGCAA,GACGACCAATTTACACCATGACGTT,2|3|4|5|6|7|8|9|10|11|12|13|14|15|16|17|18|19|20|21|22|23|24|25|26,26|25|24|23|22|21|20|19|18|17|16|15|14|13|12|11|10|9|8|7|6|5|4|3|2
5zjq,GTCATAAATCATGC,CAGTATTTAGTACG,1|2|3|4|5|6|7|8|9|10|11|12|13|14,14|13|12|11|10|9|8|7|6|5|4|3|2|1
5zjr,GTCGTAAATCATGC,CAGCATTTAGTACG,1|2|3|4|5|6|7|8|9|10|11|12|13|14,14|13|12|11|10|9|8|7|6|5|4|3|2|1
5zjs,GTCATTAATCATGC,CAGTAATTAGTACG,1|2|3|4|5|6|7|8|9|10|11|12|13|14,14|13|12|11|10|9|8|7|6|5|4|3|2|1
5zjt,GTCATTTATCATGC,CAGTAAATAGTACG,1|2|3|4|5|6|7|8|9|10|11|12|13|14,14|13|12|11|10|9|8|7|6|5|4|3|2|1
5zk1,CTTGGCTGACGTCAGCCAAG,GAACCGACTGCAGTCGGTTC,-10|-9|-8|-7|-6|-5|-4|-3|-2|-1|1|2|3|4|5|6|7|8|9|10,10|9|8|7|6|5|4|3|2|1|-1|-2|-3|-4|-5|-6|-7|-8|-9|-10
5zko,CTTGGCTGACGTCAGCCAAG,GAACCGACTGCAGTCGGTTC,-10|-9|-8|-7|-6|-5|-4|-3|-2|-1|1|2|3|4|5|6|7|8|9|10,10|9|8|7|6|5|4|3|2|1|-1|-2|-3|-4|-5|-6|-7|-8|-9|-10
6ama,TACCCGAATTACCCGAATTACCCGAATTACCCGAATTACCCGAATTACCCGAATTACCCGAATTACCCGAATTACCCGAATTACCCGAATTACCCGAAT,ATGGGCTTAATGGGCTTAATGGGCTTAATGGGCTTAATGGGCTTAATGGGCTTAATGGGCTTAATGGGCTTAATGGGCTTAATGGGCTTAATGGGCTTA,71|72|73|74|75|76|77|78|79|80|81|82|83|84|85|86|87|88|89|90|91|92|93|94|95|96|97|98|99|100|101|102|103|104|105|106|107|108|109|110|111|112|113|114|115|116|117|118|119|120|121|122|123|124|125|126|127|128|129|130|131|132|133|134|135|136|137|138|139|140|141|142|143|144|145|146|147|148|149|150|151|152|153|154|155|156|157|158|159|160|161|162|163|164|165|166|167|168|169,109|108|107|106|105|104|103|102|101|100|99|98|97|96|95|94|93|92|91|90|89|88|87|86|85|84|83|82|81|80|79|78|77|76|75|74|73|72|71|70|69|68|67|66|65|64|63|62|61|60|59|58|57|56|55|54|53|52|51|50|49|48|47|46|45|44|43|42|41|40|39|38|37|36|35|34|33|32|31|30|29|28|27|26|25|24|23|22|21|20|19|18|17|16|15|14|13|12|11
6amk,CAATTCGGGTAATTCGGGCA,GTTAAGCCCATTAAGCCTGT,9|10|11|12|13|14|15|16|17|18|19|20|21|22|23|24|25|26|27|28,26|25|24|23|22|21|20|19|18|17|16|15|14|13|12|11|10|9|8|7
6bqu,GCAAATGTACTAGCT,CGTTTACATGATCGA,1|2|3|4|5|6|7|8|9|10|11|12|13|14|15,16|15|14|13|12|11|10|9|8|7|6|5|4|3|2
6bse,AAAAAGTACACGTGG,TTTTTCATGTGCACC,2|3|4|5|6|7|8|9|10|11|12|13|14|15|16,16|15|14|13|12|11|10|9|8|7|6|5|4|3|2
6bsf,GCAAATGTACTAGCT,CGTTTACATGATCGA,1|2|3|4|5|6|7|8|9|10|11|12|13|14|15,16|15|14|13|12|11|10|9|8|7|6|5|4|3|2
6cg8,TTAAAATTAAA,AATTTTAATTT,3|4|5|6|7|8|9|10|11|12|13,17|16|15|14|13|12|11|10|9|8|7
6fj5,AGGCATGCCTAGGCATGCCT,TCCGTACGGATCCGTACGGA,1|2|3|4|5|6|7|8|9|10|11|12|13|14|15|16|17|18|19|20,20|19|18|17|16|15|14|13|12|11|10|9|8|7|6|5|4|3|2|1
6njq,GCTATAAACGGGCA,CGATATTTGCCCGT,201|202|203|204|205|206|207|208|209|210|211|212|213|214,228|227|226|225|224|223|222|221|220|219|218|217|216|215
6qhd,AGATTTACGGGAAATGC,TCTAAATGCCCTTTACG,1002|1003|1004|1005|1006|1007|1008|1009|1010|1011|1012|1013|1014|1015|1016|1017|1018,1018|1017|1016|1015|1014|1013|1012|1011|1010|1009|1008|1007|1006|1005|1004|1003|1002
xac1,GCTATAAAAGGGCA,CGATATTTCCCCGT,201|202|203|204|205|206|207|208|209|210|211|212|213|214,228|227|226|225|224|223|222|221|220|219|218|217|216|215
xcc2,GCTATAAAACGGCA,CGATATTTTCCCGT,201|202|203|204|205|206|207|208|209|210|211|212|213|214,228|227|226|225|224|223|222|221|220|219|218|217|216|215
xcca,GCTATAAACGGGCA,CGATATTTCCCCGT,201|202|203|204|205|206|207|208|209|210|211|212|213|214,228|227|226|225|224|223|222|221|220|219|218|217|216|215
xccb,GCTATAAACGGGCA,CGATATTTCCCCGT,201|202|203|204|205|206|207|208|209|210|211|212|213|214,228|227|226|225|224|223|222|221|220|219|218|217|216|215
